text,created_at,context_annotations
"Idk why I'm full of energy and a strong desire to watch Revice.

Maybe in the morning when I can grab proper workout clothes I'll go to the gym and do just that.",2024-12-04 02:26:53,"[{'domain': {'id': '46', 'name': 'Business Taxonomy', 'description': 'Categories within Brand Verticals that narrow down the scope of Brands'}, 'entity': {'id': '1557697289971322880', 'name': 'Sports & Fitness Business', 'description': 'Brands, companies, advertisers and every non-person handle with the profit intent related to sports nutrition, athletic apparel, sports apps, fitness venues'}}, {'domain': {'id': '131', 'name': 'Unified Twitter Taxonomy', 'description': 'A taxonomy of user interests. '}, 'entity': {'id': '847872878041219072', 'name': 'Fitness', 'description': 'Exercise and fitness'}}, {'domain': {'id': '162', 'name': 'Exercise & fitness', 'description': 'for types of exercises& fitness and moves, e.g., yoga, crunches, squats '}, 'entity': {'id': '872554146750017536', 'name': 'Exercises', 'description': 'Exercises'}}]"
"@DailyGavv Gavv&gt;&gt;&gt;&gt;&gt;&gt;&gt;&gt;&gt;&gt;&gt;&gt;&gt;&gt;&gt;&gt;&gt;&gt;&gt;&gt;&gt;&gt;&gt;&gt;&gt;&gt;&gt;&gt;&gt;&gt;&gt;&gt;&gt;&gt;&gt;&gt;&gt;&gt;&gt;&gt;&gt;&gt;&gt;&gt;&gt;&gt;&gt;&gt;&gt;&gt;&gt;&gt;&gt;&gt;&gt;&gt;&gt;&gt;&gt;&gt;&gt;&gt;&gt;&gt;&gt;&gt;&gt;&gt;&gt;&gt;&gt;&gt;&gt;&gt;&gt;&gt;&gt;&gt;&gt;&gt;&gt;&gt;&gt;&gt;&gt;&gt;&gt;&gt;&gt;&gt;&gt;&gt;&gt;&gt;&gt;&gt;&gt;&gt;&gt;&gt;&gt;&gt;&gt;&gt;&gt;&gt;&gt;&gt;&gt;&gt;&gt;&gt;&gt;&gt;&gt;&gt;&gt;&gt;&gt;&gt;&gt;&gt;&gt;&gt;&gt;&gt;&gt;&gt;&gt;&gt;&gt;&gt;&gt;&gt;&gt;&gt;&gt;&gt;&gt;&gt;&gt;&gt;&gt;&gt;&gt;&gt;&gt;&gt;&gt;&gt;&gt;&gt;&gt;&gt;&gt;&gt;&gt;&gt;&gt;&gt;&gt;&gt;&gt;&gt;&gt;&gt;&gt;&gt;&gt;&gt;&gt;&gt;&gt;&gt;&gt;&gt;&gt;&gt;&gt;&gt;&gt;&gt;&gt;&gt;&gt;&gt;&gt;&gt;&gt;&gt;&gt;&gt;&gt;&gt;&gt;&gt;&gt;&gt;&gt;&gt;&gt;&gt;&gt;&gt;&gt;&gt;&gt;&gt;&gt;&gt;&gt;&gt;&gt;&gt;&gt;&gt;&gt;&gt;&gt;&gt;&gt;&gt;&gt;&gt;&gt;&gt;&gt;&gt;&gt;&gt;&gt;&gt;&gt;&gt;&gt;&gt;&gt;&gt;&gt;&gt;&gt;&gt;01, saber, revice, geats, gotchard",2024-12-04 02:21:33,[]
"🐉: Anyone got their favourite kamen rider series I should watch?

So far finished - Decade, W (Double), OOO, Fourze, Wizard, Gaim, Drive, Ex-Aid, Build, Zi-O, Revice and Geats.

Currently watching - Gotchard",2024-12-04 01:34:51,"[{'domain': {'id': '3', 'name': 'TV Shows', 'description': 'Television shows from around the world'}, 'entity': {'id': '10054414590', 'name': '仮面ライダージオウ', 'description': '仮面ライダージオウが、時空を巡る""タイムトラベルライダー""として歴代平成ライダーと出会い、彼らの力と的に共に戦う「最後の平成ライダー」。高校生のソウゴ(奥野壮)は、2068年からやってきたゲイツ(押田岳)、ツクヨミ(大幡しえり)から「50年後""魔王オーマジオウ""となり、世界を支配する」と聞かされ、時空をかける戦いに身を投じていく。\n\n@toei_rider_ZIOさんの画像'}}, {'domain': {'id': '46', 'name': 'Business Taxonomy', 'description': 'Categories within Brand Verticals that narrow down the scope of Brands'}, 'entity': {'id': '1557696802391859201', 'name': 'Entertainment & Leisure Business', 'description': 'Brands, companies, advertisers and every non-person handle with the profit intent related to movies, music, television, franchises, venues, theme parks, toys, tourism, hotels'}}, {'domain': {'id': '130', 'name': 'Multimedia Franchise', 'description': ""Franchises which span multiple forms of media like 'Harry Potter'""}, 'entity': {'id': '1207744369144414208', 'name': 'Kamen Rider'}}, {'domain': {'id': '131', 'name': 'Unified Twitter Taxonomy', 'description': 'A taxonomy of user interests. '}, 'entity': {'id': '1074757527995277313', 'name': 'Entertainment franchises'}}, {'domain': {'id': '131', 'name': 'Unified Twitter Taxonomy', 'description': 'A taxonomy of user interests. '}, 'entity': {'id': '1207744369144414208', 'name': 'Kamen Rider'}}, {'domain': {'id': '131', 'name': 'Unified Twitter Taxonomy', 'description': 'A taxonomy of user interests. '}, 'entity': {'id': '1248370550247849988', 'name': 'Tokusatsu'}}]"
ITS GOING TO BE REVICE https://t.co/2M9opTH7PK https://t.co/SefRXgq9IQ,2024-12-04 01:22:19,"[{'domain': {'id': '46', 'name': 'Business Taxonomy', 'description': 'Categories within Brand Verticals that narrow down the scope of Brands'}, 'entity': {'id': '1557696940178935808', 'name': 'Gaming Business', 'description': 'Brands, companies, advertisers and every non-person handle with the profit intent related to offline and online games such as gaming consoles, tabletop games, video game publishers'}}]"
@KujoLupin @GALVANLazarus @bromojumbo I also had a TinkaTonk and named her Aguilera from Revice XD,2024-12-04 00:25:25,[]
"@DailyGavv I just hope that it won't ended up being like Revice. I love it half through the series, but then it broke my heart with constant flop.",2024-12-03 23:07:18,[]
"@LowlyPhantom05 geats is pretty good

revice kinda falls off

saber i haven't watched much

zero one wasn't bad but i quit it because it didn't feel like it was going anywhere",2024-12-03 21:00:57,[]
Check out Revice 90's Baby Criss Cross Asymmetric Button Fly Tapered Acid Wash Jeans 26 https://t.co/mrZ4MRoUJw #eBay via @eBay,2024-12-03 20:07:21,"[{'domain': {'id': '45', 'name': 'Brand Vertical', 'description': 'Top level entities that describe a Brands industry'}, 'entity': {'id': '781974596706635776', 'name': 'Retail industry'}}, {'domain': {'id': '30', 'name': 'Entities [Entity Service]', 'description': 'Entity Service top level domain, every item that is in Entity Service should be in this domain'}, 'entity': {'id': '783335558466506752', 'name': 'Online - Retail'}}, {'domain': {'id': '47', 'name': 'Brand', 'description': 'Brands and Companies'}, 'entity': {'id': '10032682179', 'name': 'eBay'}}, {'domain': {'id': '131', 'name': 'Unified Twitter Taxonomy', 'description': 'A taxonomy of user interests. '}, 'entity': {'id': '10032682179', 'name': 'eBay'}}, {'domain': {'id': '131', 'name': 'Unified Twitter Taxonomy', 'description': 'A taxonomy of user interests. '}, 'entity': {'id': '1407811550987972617', 'name': 'Industries'}}, {'domain': {'id': '165', 'name': 'Technology', 'description': 'for individual and types of technology, e.g., food technology, 3D printing'}, 'entity': {'id': '1407812892909473795', 'name': 'eCommerce industry'}}]"
"@offfhandway Revice, Gavv and OOO are at the top!",2024-12-03 19:23:59,[]
"@DailyGavv The strongest showing for a Reiwa season since Revice.

It has a fight direction that makes the overreliance on special attacks in open areas of past seasons feel outdated comparatively, and the slower pacing has allowed the leads a lot of time to build their dynamic.",2024-12-03 17:40:11,[]
"How much do I love Kamen Rider? At my work desk, I have the Zi-O iPhone cable charger bite + keychains of Revice on my cubicle wall. https://t.co/r4Xm9TKhQV",2024-12-03 16:32:06,"[{'domain': {'id': '3', 'name': 'TV Shows', 'description': 'Television shows from around the world'}, 'entity': {'id': '10054414590', 'name': '仮面ライダージオウ', 'description': '仮面ライダージオウが、時空を巡る""タイムトラベルライダー""として歴代平成ライダーと出会い、彼らの力と的に共に戦う「最後の平成ライダー」。高校生のソウゴ(奥野壮)は、2068年からやってきたゲイツ(押田岳)、ツクヨミ(大幡しえり)から「50年後""魔王オーマジオウ""となり、世界を支配する」と聞かされ、時空をかける戦いに身を投じていく。\n\n@toei_rider_ZIOさんの画像'}}, {'domain': {'id': '46', 'name': 'Business Taxonomy', 'description': 'Categories within Brand Verticals that narrow down the scope of Brands'}, 'entity': {'id': '1557696802391859201', 'name': 'Entertainment & Leisure Business', 'description': 'Brands, companies, advertisers and every non-person handle with the profit intent related to movies, music, television, franchises, venues, theme parks, toys, tourism, hotels'}}, {'domain': {'id': '46', 'name': 'Business Taxonomy', 'description': 'Categories within Brand Verticals that narrow down the scope of Brands'}, 'entity': {'id': '1557697333571112960', 'name': 'Technology Business', 'description': 'Brands, companies, advertisers and every non-person handle with the profit intent related to softwares, apps, communication equipments, hardwares'}}, {'domain': {'id': '47', 'name': 'Brand', 'description': 'Brands and Companies'}, 'entity': {'id': '10026364281', 'name': 'Apple'}}, {'domain': {'id': '130', 'name': 'Multimedia Franchise', 'description': ""Franchises which span multiple forms of media like 'Harry Potter'""}, 'entity': {'id': '1207744369144414208', 'name': 'Kamen Rider'}}, {'domain': {'id': '131', 'name': 'Unified Twitter Taxonomy', 'description': 'A taxonomy of user interests. '}, 'entity': {'id': '10026364281', 'name': 'Apple'}}, {'domain': {'id': '131', 'name': 'Unified Twitter Taxonomy', 'description': 'A taxonomy of user interests. '}, 'entity': {'id': '848920371311001600', 'name': 'Technology', 'description': 'Technology and computing'}}, {'domain': {'id': '131', 'name': 'Unified Twitter Taxonomy', 'description': 'A taxonomy of user interests. '}, 'entity': {'id': '1074757527995277313', 'name': 'Entertainment franchises'}}, {'domain': {'id': '131', 'name': 'Unified Twitter Taxonomy', 'description': 'A taxonomy of user interests. '}, 'entity': {'id': '1207744369144414208', 'name': 'Kamen Rider'}}, {'domain': {'id': '131', 'name': 'Unified Twitter Taxonomy', 'description': 'A taxonomy of user interests. '}, 'entity': {'id': '1248370550247849988', 'name': 'Tokusatsu'}}, {'domain': {'id': '131', 'name': 'Unified Twitter Taxonomy', 'description': 'A taxonomy of user interests. '}, 'entity': {'id': '1303989823011606528', 'name': 'Tech events'}}, {'domain': {'id': '131', 'name': 'Unified Twitter Taxonomy', 'description': 'A taxonomy of user interests. '}, 'entity': {'id': '1436053202835689485', 'name': 'Events'}}, {'domain': {'id': '47', 'name': 'Brand', 'description': 'Brands and Companies'}, 'entity': {'id': '10026364281', 'name': 'Apple'}}, {'domain': {'id': '48', 'name': 'Product', 'description': 'Products created by Brands.  Examples: Ford Explorer, Apple iPhone.'}, 'entity': {'id': '10024011738', 'name': 'Apple - iPhone'}}, {'domain': {'id': '30', 'name': 'Entities [Entity Service]', 'description': 'Entity Service top level domain, every item that is in Entity Service should be in this domain'}, 'entity': {'id': '848920371311001600', 'name': 'Technology', 'description': 'Technology and computing'}}, {'domain': {'id': '30', 'name': 'Entities [Entity Service]', 'description': 'Entity Service top level domain, every item that is in Entity Service should be in this domain'}, 'entity': {'id': '848985956778561538', 'name': 'Mobile', 'description': 'Mobile'}}]"
the pants i ordered on september 29 finally shipped today on december 3!!! fuck u revice you suck so hard!!!!,2024-12-03 15:46:44,[]
@TSGVoiceOver But Revice slander balances it out,2024-12-03 15:19:43,[]
"I don't care how good a show is if the main suit looks like Gaav or Revice.

Just takes me out of it if thats the primary look. Though Shouma is cute. https://t.co/3o5Kl95CgM",2024-12-03 15:18:39,"[{'domain': {'id': '46', 'name': 'Business Taxonomy', 'description': 'Categories within Brand Verticals that narrow down the scope of Brands'}, 'entity': {'id': '1557696802391859201', 'name': 'Entertainment & Leisure Business', 'description': 'Brands, companies, advertisers and every non-person handle with the profit intent related to movies, music, television, franchises, venues, theme parks, toys, tourism, hotels'}}, {'domain': {'id': '130', 'name': 'Multimedia Franchise', 'description': ""Franchises which span multiple forms of media like 'Harry Potter'""}, 'entity': {'id': '1207744369144414208', 'name': 'Kamen Rider'}}, {'domain': {'id': '131', 'name': 'Unified Twitter Taxonomy', 'description': 'A taxonomy of user interests. '}, 'entity': {'id': '1074757527995277313', 'name': 'Entertainment franchises'}}, {'domain': {'id': '131', 'name': 'Unified Twitter Taxonomy', 'description': 'A taxonomy of user interests. '}, 'entity': {'id': '1207744369144414208', 'name': 'Kamen Rider'}}, {'domain': {'id': '131', 'name': 'Unified Twitter Taxonomy', 'description': 'A taxonomy of user interests. '}, 'entity': {'id': '1248370550247849988', 'name': 'Tokusatsu'}}]"
Revice and wizard too?,2024-12-03 14:59:02,[]
@MushMush__ Final form revice!!,2024-12-03 13:54:26,[]
"It’s really great that Kamen Rider Kuugas henshin phrase seems to be ""Please watch my Henshin"" even though he only says it exactly twice. And that during two emotionally heavy moments that define Godai as a character. 

And that’s why I almost cried at Revice Lion form.",2024-12-03 13:26:04,"[{'domain': {'id': '46', 'name': 'Business Taxonomy', 'description': 'Categories within Brand Verticals that narrow down the scope of Brands'}, 'entity': {'id': '1557696802391859201', 'name': 'Entertainment & Leisure Business', 'description': 'Brands, companies, advertisers and every non-person handle with the profit intent related to movies, music, television, franchises, venues, theme parks, toys, tourism, hotels'}}, {'domain': {'id': '130', 'name': 'Multimedia Franchise', 'description': ""Franchises which span multiple forms of media like 'Harry Potter'""}, 'entity': {'id': '1207744369144414208', 'name': 'Kamen Rider'}}, {'domain': {'id': '131', 'name': 'Unified Twitter Taxonomy', 'description': 'A taxonomy of user interests. '}, 'entity': {'id': '1074757527995277313', 'name': 'Entertainment franchises'}}, {'domain': {'id': '131', 'name': 'Unified Twitter Taxonomy', 'description': 'A taxonomy of user interests. '}, 'entity': {'id': '1207744369144414208', 'name': 'Kamen Rider'}}, {'domain': {'id': '131', 'name': 'Unified Twitter Taxonomy', 'description': 'A taxonomy of user interests. '}, 'entity': {'id': '1248370550247849988', 'name': 'Tokusatsu'}}]"
"i feel like 4th riders are currently slowly getting there aswell

with some seasons having inconclusive quartenaries like 01, saber, and revice

but there are still seasons that employed the concept of having ""4 main riders"" like Agito, Build, Exaid, Geats, and etc",2024-12-03 11:33:10,[]
I forgot that ReVice was an anniversary season. https://t.co/icANljnKFE,2024-12-03 10:12:53,[]
"I was gonna write something else but reading the room I think my actual genuine hot take is that Sakura/Jeanne is the worst main character in Revice. Ikki is right next to her though, they just suck. https://t.co/eta6gRF5ar",2024-12-03 10:00:10,"[{'domain': {'id': '46', 'name': 'Business Taxonomy', 'description': 'Categories within Brand Verticals that narrow down the scope of Brands'}, 'entity': {'id': '1557696802391859201', 'name': 'Entertainment & Leisure Business', 'description': 'Brands, companies, advertisers and every non-person handle with the profit intent related to movies, music, television, franchises, venues, theme parks, toys, tourism, hotels'}}, {'domain': {'id': '130', 'name': 'Multimedia Franchise', 'description': ""Franchises which span multiple forms of media like 'Harry Potter'""}, 'entity': {'id': '1207744369144414208', 'name': 'Kamen Rider'}}, {'domain': {'id': '131', 'name': 'Unified Twitter Taxonomy', 'description': 'A taxonomy of user interests. '}, 'entity': {'id': '1074757527995277313', 'name': 'Entertainment franchises'}}, {'domain': {'id': '131', 'name': 'Unified Twitter Taxonomy', 'description': 'A taxonomy of user interests. '}, 'entity': {'id': '1207744369144414208', 'name': 'Kamen Rider'}}, {'domain': {'id': '131', 'name': 'Unified Twitter Taxonomy', 'description': 'A taxonomy of user interests. '}, 'entity': {'id': '1248370550247849988', 'name': 'Tokusatsu'}}]"
@zackaitos Fr I loved Revice and enjoyed Ghost and the fandom continuously cries that those shows pissed in their water supply,2024-12-03 04:16:55,[]
@SamuelJinx Kamen Rider Revice https://t.co/ivE0U4aJOE,2024-12-03 01:20:26,"[{'domain': {'id': '46', 'name': 'Business Taxonomy', 'description': 'Categories within Brand Verticals that narrow down the scope of Brands'}, 'entity': {'id': '1557696802391859201', 'name': 'Entertainment & Leisure Business', 'description': 'Brands, companies, advertisers and every non-person handle with the profit intent related to movies, music, television, franchises, venues, theme parks, toys, tourism, hotels'}}, {'domain': {'id': '130', 'name': 'Multimedia Franchise', 'description': ""Franchises which span multiple forms of media like 'Harry Potter'""}, 'entity': {'id': '1207744369144414208', 'name': 'Kamen Rider'}}, {'domain': {'id': '131', 'name': 'Unified Twitter Taxonomy', 'description': 'A taxonomy of user interests. '}, 'entity': {'id': '1074757527995277313', 'name': 'Entertainment franchises'}}, {'domain': {'id': '131', 'name': 'Unified Twitter Taxonomy', 'description': 'A taxonomy of user interests. '}, 'entity': {'id': '1207744369144414208', 'name': 'Kamen Rider'}}, {'domain': {'id': '131', 'name': 'Unified Twitter Taxonomy', 'description': 'A taxonomy of user interests. '}, 'entity': {'id': '1248370550247849988', 'name': 'Tokusatsu'}}]"
"@Autumnzoser @CatacombSaint_ @InariZukaruTV Japan aint Ready for that and who knows when

Reminder (or if you didnt know) that Sakura (Jeanne) from Revice was supposed to be the Primary, but Toei rejected it hard",2024-12-02 23:08:55,[]
the only reason geats and gotchard are held in high regard because 01-revice ranged from tolerable to dogshit. if geats and gotchard were p2 seasons they’d just be okay in the community’s eyes https://t.co/nblVNV9SEQ,2024-12-02 22:10:42,"[{'domain': {'id': '46', 'name': 'Business Taxonomy', 'description': 'Categories within Brand Verticals that narrow down the scope of Brands'}, 'entity': {'id': '1557696802391859201', 'name': 'Entertainment & Leisure Business', 'description': 'Brands, companies, advertisers and every non-person handle with the profit intent related to movies, music, television, franchises, venues, theme parks, toys, tourism, hotels'}}, {'domain': {'id': '130', 'name': 'Multimedia Franchise', 'description': ""Franchises which span multiple forms of media like 'Harry Potter'""}, 'entity': {'id': '1207744369144414208', 'name': 'Kamen Rider'}}, {'domain': {'id': '131', 'name': 'Unified Twitter Taxonomy', 'description': 'A taxonomy of user interests. '}, 'entity': {'id': '1074757527995277313', 'name': 'Entertainment franchises'}}, {'domain': {'id': '131', 'name': 'Unified Twitter Taxonomy', 'description': 'A taxonomy of user interests. '}, 'entity': {'id': '1207744369144414208', 'name': 'Kamen Rider'}}, {'domain': {'id': '131', 'name': 'Unified Twitter Taxonomy', 'description': 'A taxonomy of user interests. '}, 'entity': {'id': '1248370550247849988', 'name': 'Tokusatsu'}}]"
Revice should have used Shocker!,2024-12-02 21:57:31,[]
Noooo bruh..na slow ibeg..just drag small loud..den relax a little bit..take ur time bro..put am 4 revice..nuh rush because u nuh fit buy time...big wiz ibeg oooo https://t.co/LubtOcexu9,2024-12-02 20:52:38,"[{'domain': {'id': '10', 'name': 'Person', 'description': 'Named people in the world like Nelson Mandela'}, 'entity': {'id': '884820865740709888', 'name': 'Wizkid', 'description': 'Wizkid'}}, {'domain': {'id': '46', 'name': 'Business Taxonomy', 'description': 'Categories within Brand Verticals that narrow down the scope of Brands'}, 'entity': {'id': '1557696802391859201', 'name': 'Entertainment & Leisure Business', 'description': 'Brands, companies, advertisers and every non-person handle with the profit intent related to movies, music, television, franchises, venues, theme parks, toys, tourism, hotels'}}, {'domain': {'id': '54', 'name': 'Musician', 'description': 'A musician in the world, like Adele or Bob Dylan'}, 'entity': {'id': '884820865740709888', 'name': 'Wizkid', 'description': 'Wizkid'}}, {'domain': {'id': '131', 'name': 'Unified Twitter Taxonomy', 'description': 'A taxonomy of user interests. '}, 'entity': {'id': '847524658970636288', 'name': 'Music', 'description': 'Music and radio'}}, {'domain': {'id': '131', 'name': 'Unified Twitter Taxonomy', 'description': 'A taxonomy of user interests. '}, 'entity': {'id': '884820865740709888', 'name': 'Wizkid', 'description': 'Wizkid'}}, {'domain': {'id': '131', 'name': 'Unified Twitter Taxonomy', 'description': 'A taxonomy of user interests. '}, 'entity': {'id': '1362824716570951682', 'name': 'Afrobeats'}}, {'domain': {'id': '131', 'name': 'Unified Twitter Taxonomy', 'description': 'A taxonomy of user interests. '}, 'entity': {'id': '1484491704430333955', 'name': 'Nigerian Artistes'}}]"
@masakisonoue ReVice is my favourite in general for just so many reasons. Hanasaku is just a major bonus.,2024-12-02 20:47:58,[]
@Quasarheard The revice driver and the demons one are the only two I care about lol two side blade mode is kinda ugly and Jeanne/weekend is such nothing,2024-12-02 19:51:30,[]
"shinkenger has a female red but i think we'll get a Revice situation as a first red lead before(if we even) we get a true girl lead.

Revice as in: It would be a 2 person lead(maybe a boy and a girl) https://t.co/uXswoh6dIt",2024-12-02 19:00:58,"[{'domain': {'id': '46', 'name': 'Business Taxonomy', 'description': 'Categories within Brand Verticals that narrow down the scope of Brands'}, 'entity': {'id': '1557696802391859201', 'name': 'Entertainment & Leisure Business', 'description': 'Brands, companies, advertisers and every non-person handle with the profit intent related to movies, music, television, franchises, venues, theme parks, toys, tourism, hotels'}}, {'domain': {'id': '130', 'name': 'Multimedia Franchise', 'description': ""Franchises which span multiple forms of media like 'Harry Potter'""}, 'entity': {'id': '1248382292176670721', 'name': 'Super Sentai'}}, {'domain': {'id': '131', 'name': 'Unified Twitter Taxonomy', 'description': 'A taxonomy of user interests. '}, 'entity': {'id': '1074757527995277313', 'name': 'Entertainment franchises'}}, {'domain': {'id': '131', 'name': 'Unified Twitter Taxonomy', 'description': 'A taxonomy of user interests. '}, 'entity': {'id': '1248370550247849988', 'name': 'Tokusatsu'}}, {'domain': {'id': '131', 'name': 'Unified Twitter Taxonomy', 'description': 'A taxonomy of user interests. '}, 'entity': {'id': '1248382292176670721', 'name': 'Super Sentai'}}]"
"Looking back at the later half of Revice, I think one of my favorite developments is watching the juxtaposition of the Igarashi and Karizaki's 
The closer the the Igarashi's become, the most destroyed the Karizaki's end up and eventually climaxing with the creation of Juuga. https://t.co/p4u3DHrnzN",2024-12-02 18:48:18,[]
i hate people who watch revice but only for hanasaku. You arent allowed to watch it if u cant appreciate the family stuff too https://t.co/8NZ5RlzPqU,2024-12-02 18:04:29,"[{'domain': {'id': '46', 'name': 'Business Taxonomy', 'description': 'Categories within Brand Verticals that narrow down the scope of Brands'}, 'entity': {'id': '1557696802391859201', 'name': 'Entertainment & Leisure Business', 'description': 'Brands, companies, advertisers and every non-person handle with the profit intent related to movies, music, television, franchises, venues, theme parks, toys, tourism, hotels'}}, {'domain': {'id': '130', 'name': 'Multimedia Franchise', 'description': ""Franchises which span multiple forms of media like 'Harry Potter'""}, 'entity': {'id': '1207744369144414208', 'name': 'Kamen Rider'}}, {'domain': {'id': '131', 'name': 'Unified Twitter Taxonomy', 'description': 'A taxonomy of user interests. '}, 'entity': {'id': '1074757527995277313', 'name': 'Entertainment franchises'}}, {'domain': {'id': '131', 'name': 'Unified Twitter Taxonomy', 'description': 'A taxonomy of user interests. '}, 'entity': {'id': '1207744369144414208', 'name': 'Kamen Rider'}}, {'domain': {'id': '131', 'name': 'Unified Twitter Taxonomy', 'description': 'A taxonomy of user interests. '}, 'entity': {'id': '1248370550247849988', 'name': 'Tokusatsu'}}]"
[ kamen rider revice ] 🪞 https://t.co/AJMmxxnHhu,2024-12-02 16:44:41,"[{'domain': {'id': '46', 'name': 'Business Taxonomy', 'description': 'Categories within Brand Verticals that narrow down the scope of Brands'}, 'entity': {'id': '1557696802391859201', 'name': 'Entertainment & Leisure Business', 'description': 'Brands, companies, advertisers and every non-person handle with the profit intent related to movies, music, television, franchises, venues, theme parks, toys, tourism, hotels'}}, {'domain': {'id': '130', 'name': 'Multimedia Franchise', 'description': ""Franchises which span multiple forms of media like 'Harry Potter'""}, 'entity': {'id': '1207744369144414208', 'name': 'Kamen Rider'}}, {'domain': {'id': '131', 'name': 'Unified Twitter Taxonomy', 'description': 'A taxonomy of user interests. '}, 'entity': {'id': '1074757527995277313', 'name': 'Entertainment franchises'}}, {'domain': {'id': '131', 'name': 'Unified Twitter Taxonomy', 'description': 'A taxonomy of user interests. '}, 'entity': {'id': '1207744369144414208', 'name': 'Kamen Rider'}}, {'domain': {'id': '131', 'name': 'Unified Twitter Taxonomy', 'description': 'A taxonomy of user interests. '}, 'entity': {'id': '1248370550247849988', 'name': 'Tokusatsu'}}]"
"@TidyWire @CarnoBlue @KRRicRX Good to know you're a revice fan, now pls draw some revice art",2024-12-02 15:59:18,"[{'domain': {'id': '67', 'name': 'Interests and Hobbies', 'description': 'Interests, opinions, and behaviors of individuals, groups, or cultures; like Speciality Cooking or Theme Parks'}, 'entity': {'id': '847869251595542528', 'name': 'Drawing & illustration', 'description': 'Drawing and sketching'}}, {'domain': {'id': '131', 'name': 'Unified Twitter Taxonomy', 'description': 'A taxonomy of user interests. '}, 'entity': {'id': '847869251595542528', 'name': 'Drawing & illustration', 'description': 'Drawing and sketching'}}, {'domain': {'id': '131', 'name': 'Unified Twitter Taxonomy', 'description': 'A taxonomy of user interests. '}, 'entity': {'id': '1046577790353428480', 'name': 'Visual arts', 'description': 'Visual Arts'}}, {'domain': {'id': '131', 'name': 'Unified Twitter Taxonomy', 'description': 'A taxonomy of user interests. '}, 'entity': {'id': '1265660441822281728', 'name': 'Art'}}]"
"@ShinMegamiJimi Revice is good, however I think Daiji ending arc could've been paced better and the Juuga thing could've been skipped",2024-12-02 15:01:22,[]
Also Revice is way too overhated—,2024-12-02 13:55:05,[]
Also interesting point about W and Revice in that they're both billed as having two main heroes but the writing really favors only Shotaro/Ikki over Philip/Vice as the protagonist https://t.co/bWLKZslft5,2024-12-02 13:52:29,[]
@CBMovieFan Didn’t know Martinez watches Revice,2024-12-02 13:02:05,[]
"@battleupsaber This is how I got some of the Revice BD/DVDs really cheap though. People only wanted the stamps. I, however, wanted high def blorbos.",2024-12-02 12:15:06,[]
Y’all are too harsh on Reiwa seasons sometimes it’s always “Gotchard sucks!” Or “Geats is trash!” Or “revice and saber are boring” like come on can we have at least a little positivity https://t.co/hY2hBbf8Hr,2024-12-02 10:26:51,"[{'domain': {'id': '46', 'name': 'Business Taxonomy', 'description': 'Categories within Brand Verticals that narrow down the scope of Brands'}, 'entity': {'id': '1557696802391859201', 'name': 'Entertainment & Leisure Business', 'description': 'Brands, companies, advertisers and every non-person handle with the profit intent related to movies, music, television, franchises, venues, theme parks, toys, tourism, hotels'}}, {'domain': {'id': '130', 'name': 'Multimedia Franchise', 'description': ""Franchises which span multiple forms of media like 'Harry Potter'""}, 'entity': {'id': '1207744369144414208', 'name': 'Kamen Rider'}}, {'domain': {'id': '131', 'name': 'Unified Twitter Taxonomy', 'description': 'A taxonomy of user interests. '}, 'entity': {'id': '1074757527995277313', 'name': 'Entertainment franchises'}}, {'domain': {'id': '131', 'name': 'Unified Twitter Taxonomy', 'description': 'A taxonomy of user interests. '}, 'entity': {'id': '1207744369144414208', 'name': 'Kamen Rider'}}, {'domain': {'id': '131', 'name': 'Unified Twitter Taxonomy', 'description': 'A taxonomy of user interests. '}, 'entity': {'id': '1248370550247849988', 'name': 'Tokusatsu'}}]"
@TidyWire Its peak. Will be hard to beat revice cuz its just too fuckin peak to me. It will probably be equal to it tho for me,2024-12-02 07:58:14,[]
@ZoldaFitzgerald That one episode of Zero-One and that one episode of Revice,2024-12-02 07:32:01,[]
"After 38 seasons, we finally have all 3 main types of time travel explored in Kamen Rider

Rewriting history in Kabuto, Den-O, Zi-O &amp; Revice Beyond Generation
Predestined loop in Kiva &amp; Gotchard (Alchemist of Dawn)
Branch timelines in Gotchard with Daybreak (who then became AoD)",2024-12-02 07:30:18,"[{'domain': {'id': '3', 'name': 'TV Shows', 'description': 'Television shows from around the world'}, 'entity': {'id': '10054414590', 'name': '仮面ライダージオウ', 'description': '仮面ライダージオウが、時空を巡る""タイムトラベルライダー""として歴代平成ライダーと出会い、彼らの力と的に共に戦う「最後の平成ライダー」。高校生のソウゴ(奥野壮)は、2068年からやってきたゲイツ(押田岳)、ツクヨミ(大幡しえり)から「50年後""魔王オーマジオウ""となり、世界を支配する」と聞かされ、時空をかける戦いに身を投じていく。\n\n@toei_rider_ZIOさんの画像'}}, {'domain': {'id': '46', 'name': 'Business Taxonomy', 'description': 'Categories within Brand Verticals that narrow down the scope of Brands'}, 'entity': {'id': '1557696802391859201', 'name': 'Entertainment & Leisure Business', 'description': 'Brands, companies, advertisers and every non-person handle with the profit intent related to movies, music, television, franchises, venues, theme parks, toys, tourism, hotels'}}, {'domain': {'id': '130', 'name': 'Multimedia Franchise', 'description': ""Franchises which span multiple forms of media like 'Harry Potter'""}, 'entity': {'id': '1207744369144414208', 'name': 'Kamen Rider'}}, {'domain': {'id': '131', 'name': 'Unified Twitter Taxonomy', 'description': 'A taxonomy of user interests. '}, 'entity': {'id': '1074757527995277313', 'name': 'Entertainment franchises'}}, {'domain': {'id': '131', 'name': 'Unified Twitter Taxonomy', 'description': 'A taxonomy of user interests. '}, 'entity': {'id': '1207744369144414208', 'name': 'Kamen Rider'}}, {'domain': {'id': '131', 'name': 'Unified Twitter Taxonomy', 'description': 'A taxonomy of user interests. '}, 'entity': {'id': '1248370550247849988', 'name': 'Tokusatsu'}}]"
@CBMovieFan KAMEN RIDER REVICE MENTIONED 🗣️🗣️🗣️🔥🔥🔥🔥,2024-12-02 07:28:56,"[{'domain': {'id': '46', 'name': 'Business Taxonomy', 'description': 'Categories within Brand Verticals that narrow down the scope of Brands'}, 'entity': {'id': '1557696802391859201', 'name': 'Entertainment & Leisure Business', 'description': 'Brands, companies, advertisers and every non-person handle with the profit intent related to movies, music, television, franchises, venues, theme parks, toys, tourism, hotels'}}, {'domain': {'id': '130', 'name': 'Multimedia Franchise', 'description': ""Franchises which span multiple forms of media like 'Harry Potter'""}, 'entity': {'id': '1207744369144414208', 'name': 'Kamen Rider'}}, {'domain': {'id': '131', 'name': 'Unified Twitter Taxonomy', 'description': 'A taxonomy of user interests. '}, 'entity': {'id': '1074757527995277313', 'name': 'Entertainment franchises'}}, {'domain': {'id': '131', 'name': 'Unified Twitter Taxonomy', 'description': 'A taxonomy of user interests. '}, 'entity': {'id': '1207744369144414208', 'name': 'Kamen Rider'}}, {'domain': {'id': '131', 'name': 'Unified Twitter Taxonomy', 'description': 'A taxonomy of user interests. '}, 'entity': {'id': '1248370550247849988', 'name': 'Tokusatsu'}}]"
@g5_almighty Being a Revice fan in a nutshell,2024-12-02 07:24:33,[]
"Gavv is doing everything Revice should have done. Family commentary, tropes from Showa and Heisei Rider. https://t.co/3adsYJ6gk7",2024-12-02 07:10:19,"[{'domain': {'id': '46', 'name': 'Business Taxonomy', 'description': 'Categories within Brand Verticals that narrow down the scope of Brands'}, 'entity': {'id': '1557696802391859201', 'name': 'Entertainment & Leisure Business', 'description': 'Brands, companies, advertisers and every non-person handle with the profit intent related to movies, music, television, franchises, venues, theme parks, toys, tourism, hotels'}}, {'domain': {'id': '130', 'name': 'Multimedia Franchise', 'description': ""Franchises which span multiple forms of media like 'Harry Potter'""}, 'entity': {'id': '1207744369144414208', 'name': 'Kamen Rider'}}, {'domain': {'id': '131', 'name': 'Unified Twitter Taxonomy', 'description': 'A taxonomy of user interests. '}, 'entity': {'id': '1074757527995277313', 'name': 'Entertainment franchises'}}, {'domain': {'id': '131', 'name': 'Unified Twitter Taxonomy', 'description': 'A taxonomy of user interests. '}, 'entity': {'id': '1207744369144414208', 'name': 'Kamen Rider'}}, {'domain': {'id': '131', 'name': 'Unified Twitter Taxonomy', 'description': 'A taxonomy of user interests. '}, 'entity': {'id': '1248370550247849988', 'name': 'Tokusatsu'}}]"
"Saber's final form is a lazy disappointment. Revice did not need the anniversary aspect at all. Majede is a secondary only in name, and otherwise got completely ignored for Valvarad. https://t.co/4z5HC5ioln",2024-12-02 07:07:10,"[{'domain': {'id': '46', 'name': 'Business Taxonomy', 'description': 'Categories within Brand Verticals that narrow down the scope of Brands'}, 'entity': {'id': '1557696802391859201', 'name': 'Entertainment & Leisure Business', 'description': 'Brands, companies, advertisers and every non-person handle with the profit intent related to movies, music, television, franchises, venues, theme parks, toys, tourism, hotels'}}, {'domain': {'id': '130', 'name': 'Multimedia Franchise', 'description': ""Franchises which span multiple forms of media like 'Harry Potter'""}, 'entity': {'id': '1207744369144414208', 'name': 'Kamen Rider'}}, {'domain': {'id': '131', 'name': 'Unified Twitter Taxonomy', 'description': 'A taxonomy of user interests. '}, 'entity': {'id': '1074757527995277313', 'name': 'Entertainment franchises'}}, {'domain': {'id': '131', 'name': 'Unified Twitter Taxonomy', 'description': 'A taxonomy of user interests. '}, 'entity': {'id': '1207744369144414208', 'name': 'Kamen Rider'}}, {'domain': {'id': '131', 'name': 'Unified Twitter Taxonomy', 'description': 'A taxonomy of user interests. '}, 'entity': {'id': '1248370550247849988', 'name': 'Tokusatsu'}}]"
"Revice was pretty good despite pacing issues
Hotaro is so damn annoying I feel bothered every time he's on-screen, can't stand him
Decade as a season is pretty good despite the whole story is kinda ""have you seen the plot?"" https://t.co/AhBNb73vrq",2024-12-02 05:46:49,"[{'domain': {'id': '46', 'name': 'Business Taxonomy', 'description': 'Categories within Brand Verticals that narrow down the scope of Brands'}, 'entity': {'id': '1557696802391859201', 'name': 'Entertainment & Leisure Business', 'description': 'Brands, companies, advertisers and every non-person handle with the profit intent related to movies, music, television, franchises, venues, theme parks, toys, tourism, hotels'}}, {'domain': {'id': '130', 'name': 'Multimedia Franchise', 'description': ""Franchises which span multiple forms of media like 'Harry Potter'""}, 'entity': {'id': '1207744369144414208', 'name': 'Kamen Rider'}}, {'domain': {'id': '131', 'name': 'Unified Twitter Taxonomy', 'description': 'A taxonomy of user interests. '}, 'entity': {'id': '1207744369144414208', 'name': 'Kamen Rider'}}, {'domain': {'id': '131', 'name': 'Unified Twitter Taxonomy', 'description': 'A taxonomy of user interests. '}, 'entity': {'id': '1248370550247849988', 'name': 'Tokusatsu'}}]"
i think kamen rider revice is pretty good https://t.co/TWUfuxPyri https://t.co/TjOD76Zfnb,2024-12-02 03:27:56,"[{'domain': {'id': '46', 'name': 'Business Taxonomy', 'description': 'Categories within Brand Verticals that narrow down the scope of Brands'}, 'entity': {'id': '1557696802391859201', 'name': 'Entertainment & Leisure Business', 'description': 'Brands, companies, advertisers and every non-person handle with the profit intent related to movies, music, television, franchises, venues, theme parks, toys, tourism, hotels'}}, {'domain': {'id': '130', 'name': 'Multimedia Franchise', 'description': ""Franchises which span multiple forms of media like 'Harry Potter'""}, 'entity': {'id': '1207744369144414208', 'name': 'Kamen Rider'}}, {'domain': {'id': '131', 'name': 'Unified Twitter Taxonomy', 'description': 'A taxonomy of user interests. '}, 'entity': {'id': '1074757527995277313', 'name': 'Entertainment franchises'}}, {'domain': {'id': '131', 'name': 'Unified Twitter Taxonomy', 'description': 'A taxonomy of user interests. '}, 'entity': {'id': '1207744369144414208', 'name': 'Kamen Rider'}}, {'domain': {'id': '131', 'name': 'Unified Twitter Taxonomy', 'description': 'A taxonomy of user interests. '}, 'entity': {'id': '1248370550247849988', 'name': 'Tokusatsu'}}]"
"@CarnoBlue @KRRicRX Kuuga, Revice and Gaim also had me blubbering like a mess lol. If Gavv can make me cry that hard it'll be peak.",2024-12-02 02:30:15,[]
Revice is good https://t.co/5CqFBmhbkf,2024-12-02 02:28:54,"[{'domain': {'id': '46', 'name': 'Business Taxonomy', 'description': 'Categories within Brand Verticals that narrow down the scope of Brands'}, 'entity': {'id': '1557696802391859201', 'name': 'Entertainment & Leisure Business', 'description': 'Brands, companies, advertisers and every non-person handle with the profit intent related to movies, music, television, franchises, venues, theme parks, toys, tourism, hotels'}}, {'domain': {'id': '130', 'name': 'Multimedia Franchise', 'description': ""Franchises which span multiple forms of media like 'Harry Potter'""}, 'entity': {'id': '1207744369144414208', 'name': 'Kamen Rider'}}, {'domain': {'id': '131', 'name': 'Unified Twitter Taxonomy', 'description': 'A taxonomy of user interests. '}, 'entity': {'id': '1074757527995277313', 'name': 'Entertainment franchises'}}, {'domain': {'id': '131', 'name': 'Unified Twitter Taxonomy', 'description': 'A taxonomy of user interests. '}, 'entity': {'id': '1207744369144414208', 'name': 'Kamen Rider'}}, {'domain': {'id': '131', 'name': 'Unified Twitter Taxonomy', 'description': 'A taxonomy of user interests. '}, 'entity': {'id': '1248370550247849988', 'name': 'Tokusatsu'}}]"
